TeamMatch,scouter,eventCode,matchLevel,matchNumber,match_key,robot,teamNumber,autoScoredGrid,autoMobility,autoMissedPieces,autoDocked,autoType,autoFouls,autoComments,autoTypeB,autoTypeC,autoTypeNB,autoTypeO,autoTypeX,csEngaged,scoredGrid,missedCycles,wasDefended,whoDefended,fouls,cyclingSingleSubstation,cyclingDoubleSubstationShelf,cyclingSubstationFloor,cyclingFloor,doubleScores,finalState,defenseRating,breakageIssues,connectivityIssues,tipped,commentsMatchFlow,commentsTippiness,commentsFouls,commentsBalanceDetails,commentsDefenseDetails,commentsOther,autoGamePieces,autoCubes,autoCones,autoHigh,autoMed,autoLow,teleopGamePieces,teleopCubes,teleopCones,teleopHigh,teleopMed,teleopLow,totalGamePieces,totalCubes,totalCones,totalHigh,totalMed,totalLow,totalGamePieces2,autoChargePoints,csAutoAttempt,defensePlayed,defenseRating2,finalStatePoints,Csattempt,autoPoints,teleopPoints,linkPoints,totalPoints,MobilityPoints,AutoGamePiecePoints,AutoChargeStationPoints,TeleopGamePiecePoints,EndgamePoints,pitScouter,drivetrainType,weightNoBumpers,longDimension,wideDimension,pitComments
1706_1,Caleb,2023hop,qm,1,2023hop_qm1,b2,1706,"[10,2,11]",1,0,x,b,0,,1,0,0,0,0,0,"[5,7,6,18,17,16,35]",1,0,,0,1,1,0,1,0,e,x,0,0,0,,,,,,Missed cone throw,3,2,1,1,2,0,7,3,4,3,3,1,10,5,5,4,5,1,10,0,0,0,,10,1,17,36,17,70,3,14,0,43,10,Anna,s,115lbs,29in,26in,Shoot cubes and cones
6357_1,Autumn ,2023hop,qm,1,2023hop_qm1,r1,6357,[2],0,1,x,n,0,Auto messed up,0,0,1,0,0,0,"[11,8,6,7]",1,0,,0,1,0,0,1,0,p,x,0,0,0,Struggled when picking up cube from the floor,,,,,,1,1,0,1,0,0,4,2,2,3,1,0,5,3,2,4,1,0,5,0,0,0,,2,0,6,20,8,34,0,6,0,26,2,Liam,s,116,32,32,Prefer single sub
6429_1,Allie,2023hop,qm,1,2023hop_qm1,b1,6429,[14],0,0,e,c,0,,0,1,0,0,0,1,[],0,0,,0,0,0,1,0,0,x,x,0,0,1,,Lifted arm up and tipped over,,,,"Drove around not really doing anything, cube got stuck in arm, driving is terrible",1,1,0,0,1,0,0,0,0,0,0,0,1,1,0,0,1,0,1,12,1,0,,0,0,16,0,2,18,0,4,12,2,0,Liam,s,104,24,24,Seems tippy
610_1,Rebekah,2023hop,qm,1,2023hop_qm1,r3,610,[14],1,0,e,c,0,,0,1,0,0,0,1,"[6,25,28,30]",0,0,,0,1,0,0,1,0,e,b,0,0,0,Come got stuck and the didn?t do anything for awhile,,,Couldn?t keep up with other robots ,,,1,1,0,0,1,0,4,2,2,1,0,3,5,3,2,1,1,3,5,12,1,1,1,10,1,19,21,8,48,3,4,12,19,10,#N/A,#N/A,#N/A,#N/A,#N/A,#N/A
1986_1,Shannon,2023hop,qm,1,2023hop_qm1,b3,1986,"[9,8]",1,1,x,n,0,Missed grabbing a cube,0,0,1,0,0,0,"[1,3,12,4]",0,1,610,0,1,1,0,0,0,e,x,0,0,0,Teammates did not allow them to get to the stations for a long time,Slightly tippy with arm out,,,,"Pretty quick at placing, average at grabbing",2,1,1,2,0,0,4,0,4,3,1,0,6,1,5,5,1,0,6,0,0,0,,10,1,15,28,10,53,3,12,0,28,10,Brian,s,120,22.5,30,Intake is a converyer belt
9182_1,Judd,2023hop,qm,1,2023hop_qm1,r2,9182,[26],1,0,x,b,0,,1,0,0,0,0,0,"[36,34,31]",0,0,,0,0,0,1,1,0,e,x,0,0,0,Couldnt pick up well at all,,,,,Could only place on bottom,1,0,1,0,0,1,3,3,0,0,0,3,4,3,1,0,0,4,4,0,0,0,,10,1,6,16,7,29,3,3,0,13,10,Judd,t,92.5,38,34,Only picks up off ground. Only one piece autos. Possible balancing auto
9082_2,Caleb,2023hop,qm,2,2023hop_qm2,b2,9082,[8],1,0,x,n,0,,0,0,1,0,0,0,"[30,5,32]",0,0,,0,1,0,1,0,0,e,x,0,0,0,,Tippy when arm is out,,,,,1,1,0,1,0,0,3,3,0,1,0,2,4,4,0,2,0,2,4,0,0,0,,10,1,9,19,7,35,3,6,0,16,10,Judd,t,105,34,30,Can balance in auto
3654_2,Shannon,2023hop,qm,2,2023hop_qm2,b3,3654,[15],1,0,e,c,0,,0,1,0,0,0,1,[28],1,1,7457,0,0,0,1,1,1,e,x,0,0,0,,,,,,"Small but not super quick, could not avoid defense",1,0,1,0,1,0,1,1,0,0,0,1,2,1,1,0,1,1,2,12,1,0,,10,1,19,12,3,34,3,4,12,8,10,Caleb,t,100,30,30,0
2052_2,Allie,2023hop,qm,2,2023hop_qm2,b1,2052,"[2,3]",1,0,x,b,0,,1,0,0,0,0,0,"[21,9,7,6,34]",1,0,,0,1,0,1,0,0,p,x,0,0,0,,,,,,"Triple scored one, theyre decent, nothing special",2,1,1,2,0,0,5,1,4,3,0,2,7,2,5,5,0,2,7,0,0,0,,2,0,15,21,12,48,3,12,0,31,2,Rebekah and Alex,s,120.6,34,28,Lots of autos
2609_2,Autumn ,2023hop,qm,2,2023hop_qm2,r1,2609,[4],1,0,e,c,0,,0,1,0,0,0,1,"[9,7,8,5]",1,0,,0,0,1,1,0,0,e,x,0,0,0,,,,Balanced with other robot with 10 secs left and finished by 6 ,,,1,0,1,1,0,0,4,2,2,4,0,0,5,2,3,5,0,0,5,12,1,0,,10,1,21,30,8,59,3,6,12,28,10,Rebekah and Alex,s,97,35,35,"Cool swerve that goes super fast, very nice people"
8019_2,Judd,2023hop,qm,2,2023hop_qm2,r2,8019,[2],1,0,x,n,0,,0,0,1,0,0,0,"[6,15,13]",1,0,,0,0,1,1,0,1,e,x,0,0,0,Double scored when the grid wasn?t full on purpose,,,,,Driver didnt seem to make great decisions,1,1,0,1,0,0,3,0,3,1,2,0,4,1,3,2,2,0,4,0,0,0,,10,1,9,21,7,37,3,6,0,21,10,Judd,s,118,35.5,33.5,No special feats
7457_2,Rebekah,2023hop,qm,2,2023hop_qm2,r3,7457,[25],1,2,x,b,0,Auto failed but has potential,1,0,0,0,0,0,"[11,1,3,12,10]",0,0,,0,0,1,0,1,0,p,a,0,0,0,"Cone jammed, played defense, then unjammed ",,,,"Defense was mid, slowed them down a bit",,1,0,1,0,0,1,5,1,4,2,3,0,6,1,5,2,3,1,6,0,0,1,2,2,0,6,21,10,37,3,3,0,29,2,#N/A,#N/A,#N/A,#N/A,#N/A,#N/A
6024_3,Caleb,2023hop,qm,3,2023hop_qm3,b2,6024,[5],0,0,e,c,0,,0,1,0,0,0,1,[14],0,0,,0,1,0,1,1,0,e,x,0,0,0,,,,,,,1,1,0,1,0,0,1,1,0,0,1,0,2,2,0,1,1,0,2,12,1,0,,10,1,18,13,3,34,0,6,12,6,10,Liam,t,99,35,35,Gear makes it easy to Aline
2481_3,Allie,2023hop,qm,3,2023hop_qm3,b1,2481,"[9,17,8]",1,0,x,n,0,,0,0,1,0,0,0,"[7,18,16,6,4,15,13,27,26,25,24]",0,0,,0,0,0,1,1,0,e,x,0,0,0,,,,,,We did absolutely wonderful,3,2,1,2,1,0,11,0,11,3,4,4,14,2,12,5,5,4,14,0,0,0,,10,1,19,45,23,87,3,16,0,58,10,#N/A,#N/A,#N/A,#N/A,#N/A,#N/A
696_3,Shannon,2023hop,qm,3,2023hop_qm3,b3,696,[10],1,1,x,b,0,,1,0,0,0,0,0,"[3,2,11,12]",0,0,,0,0,1,1,0,4,p,x,0,0,0,,,,,,"Kept throwing pieces when placing, missed high a lot, very fast",1,0,1,0,1,0,4,2,2,2,2,0,5,2,3,2,3,0,5,0,0,0,,2,0,7,18,8,33,3,4,0,36,2,Brian,s,111,25,24,Gyro with April tags
772_3,Rebekah,2023hop,qm,3,2023hop_qm3,r3,772,[28],1,0,x,n,0,,0,0,1,0,0,0,"[29,30,14,31,32]",0,0,,0,0,0,1,1,0,e,x,0,0,0,Slow all around,,,Balanced with plenty of time left for no reason,,,1,1,0,0,0,1,5,5,0,0,1,4,6,6,0,0,1,5,6,0,0,0,,10,1,6,21,10,37,3,3,0,21,10,Anna,t,64.2lbs,33in,32in,"Omni 2 whells on drivetrain, fast robot, can fill whole bottom, reliability, hang of change sation "
2718_3,Judd,2023hop,qm,3,2023hop_qm3,r2,2718,[],0,0,x,x,0,,0,0,0,0,1,0,"[17,11]",0,0,,0,0,0,1,0,0,p,x,0,0,0,very slow at picking up,,,,,I got mixed up in my robots so I missed 30 secs of the match including auto,0,0,0,0,0,0,2,2,0,0,2,0,2,2,0,0,2,0,2,0,0,0,,2,0,0,8,3,11,0,0,0,9,2,Rebekah and Alex,s,125,31,37,Pick up on both sides of robot
353_3,Autumn ,2023hop,qm,3,2023hop_qm3,r1,353,[8],1,0,x,b,0,,1,0,0,0,0,0,"[34,17,15,11,35]",0,0,,0,0,0,1,1,0,p,x,0,0,0,Struggled a little when placing ,,,,,Shoot out cubes decently aggressively ,1,1,0,1,0,0,5,4,1,0,3,2,6,5,1,1,3,2,6,0,0,0,,2,0,9,15,10,34,3,6,0,23,2,Luke,t,110 probably,34,27,Braking mechanism for balancing
488_4,Caleb,2023hop,qm,4,2023hop_qm4,b2,488,[1],1,0,x,b,0,,1,0,0,0,0,0,"[2,3,5,6,30,29]",0,0,,0,1,0,1,1,1,e,x,0,0,0,,,,,,,1,0,1,1,0,0,6,4,2,4,0,2,7,4,3,5,0,2,7,0,0,0,,10,1,9,34,12,55,3,6,0,39,10,Luke,s,125,29,29,Pickups from ground
488_4,Shannon,2023hop,qm,4,2023hop_qm4,b3,488,[1],1,0,x,b,0,,1,0,0,0,0,0,"[4,6,7,30,29]",0,0,,0,1,0,1,1,1,e,x,0,0,0,,,,,,"Very average, can take a while to place cones",1,0,1,1,0,0,5,2,3,3,0,2,6,2,4,4,0,2,6,0,0,0,,10,1,9,29,10,48,3,6,0,32,10,Luke,s,125,29,29,Pickups from ground
190_4,Autumn ,2023hop,qm,4,2023hop_qm4,r1,190,[5],1,0,e,c,0,,0,1,0,0,0,1,"[27,35]",0,0,,1,1,0,1,0,0,e,x,0,0,0,Took about 10 to 15 secs to grab pieces ,,,,,Very slow driving,1,1,0,1,0,0,2,1,1,0,0,2,3,2,1,1,0,2,3,12,1,0,,10,1,21,14,5,40,3,6,12,9,10,Luke,t,0,34 no bumps,38 no bumps,Can pickup off the floor nice looking robot
1323_4,Anna,2023hop,qm,4,2023hop_qm4,b1,1323,"[9,8]",1,0,e,n,0,,0,0,1,0,0,1,"[7,36,35,34,33,32,31,18,17,16,15,14,13]",0,0,,0,1,1,1,1,0,p,x,0,0,0,"Really fast cycling, good driver",,,,,,2,1,1,2,0,0,13,8,5,1,6,6,15,9,6,3,6,6,15,12,1,0,,2,0,27,37,25,89,3,12,12,60,2,Anna,s,125lbs,29in,29in,Able to hold multiple cubes
9202_4,Judd,2023hop,qm,4,2023hop_qm4,r2,9202,[],1,0,x,b,0,,1,0,0,0,0,0,"[8,31]",1,0,,0,0,0,1,1,0,e,x,0,0,0,Very slow robot and slow at picking up,Almost tipped over,,,,,0,0,0,0,0,0,2,2,0,1,0,1,2,2,0,1,0,1,2,0,0,0,,10,1,3,17,3,23,3,0,0,10,10,Judd,s,96,33,33,Bad bumpers.
6721_4,Brian,2023hop,qm,4,2023hop_qm4,r3,6721,[2],1,0,x,n,0,,0,0,1,0,0,0,[1],0,0,,0,0,1,0,0,0,x,x,0,1,0,,,,,,Stopped moving at the somewhat beginning of match ,1,1,0,1,0,0,1,0,1,1,0,0,2,1,1,2,0,0,2,0,0,0,,0,0,9,5,3,17,3,6,0,8,0,Judd,t,113,37,32,Lights up and build quality looks decent like a 2 and a half star
5526_5,Caleb,2023hop,qm,5,2023hop_qm5,b2,5526,[5],1,0,e,c,0,,0,1,0,0,0,1,"[14,17,15]",0,0,,0,1,0,0,1,0,e,x,1,0,0,,,,Fast triple,,Arm angled weird,1,1,0,1,0,0,3,2,1,0,3,0,4,3,1,1,3,0,4,12,1,0,,10,1,21,19,7,47,3,6,12,16,10,Liam,s,98,33,30,0
5526_5,Shannon,2023hop,qm,5,2023hop_qm5,b3,5526,[5],1,0,e,c,0,,0,1,0,0,0,1,"[14,17,15]",0,0,,0,1,0,0,1,0,e,a,0,0,0,,,,,"Did not defend for long, slow down other robots a bit",,1,1,0,1,0,0,3,2,1,0,3,0,4,3,1,1,3,0,4,12,1,1,2,10,1,21,19,7,47,3,6,12,16,10,Liam,s,98,33,30,0
1987_5,Autumn ,2023hop,qm,5,2023hop_qm5,r1,1987,"[19,2]",1,0,x,n,0,,0,0,1,0,0,0,"[9,18,16]",0,0,,0,1,0,1,0,0,x,x,0,1,0,Speedy,,,,,"Not moving in middle of field, still connected tho",2,1,1,1,0,1,3,0,3,1,2,0,5,1,4,2,2,1,5,0,0,0,,0,0,12,11,8,31,3,9,0,19,0,Rebekah and Alex,s,111.3,30,33,"Telescoping arm, don?t know much about robot"
2930_5,Judd,2023hop,qm,5,2023hop_qm5,r2,2930,"[9,8]",1,0,x,b,0,,1,0,0,0,0,0,"[3,1,4,19,10,12,13]",1,0,,0,0,1,0,0,0,e,x,0,0,0,Missed a piece but scored it later,,,,,,2,1,1,2,0,0,7,0,7,3,3,1,9,1,8,5,3,1,9,0,0,0,,10,1,15,36,15,66,3,12,0,41,10,Rebekah and Alex,s,115,34,36,Very nice fanboys who love our robot and past robots
1311_5,Anna,2023hop,qm,5,2023hop_qm5,b1,1311,[2],1,0,x,b,0,,1,0,0,0,0,0,[11],0,0,,0,0,0,0,1,0,e,x,0,0,0,"Waited a lot of time, really slow, did a lot of nothing",,,Went to balance really early at 45 sec left,,tried to pick up a cube for 30 sec,1,1,0,1,0,0,1,1,0,0,1,0,2,2,0,1,1,0,2,0,0,0,,10,1,9,13,3,25,3,6,0,6,10,Anna,t,87lbs,28in,26in,"Intake parallel to ground, 3 pieces auto"
68_5,Brian,2023hop,qm,5,2023hop_qm5,r3,68,[6],1,0,e,c,0,,0,1,0,0,0,1,"[11,30,17,14]",1,0,,0,0,0,1,1,0,e,x,0,0,0,A few cubes missed when placing but got in hybrid ,,,,,,1,0,1,1,0,0,4,4,0,0,3,1,5,4,1,1,3,1,5,12,1,0,,10,1,21,21,8,50,3,6,12,19,10,Luke,s,100,27,24,Stability small
5648_6,Allie,2023hop,qm,6,2023hop_qm6,b2,5648,[],1,0,x,n,0,,0,0,1,0,0,0,"[35,31,29,27]",0,0,,0,0,0,0,1,0,p,x,0,0,0,,,,Rolled off,,"Cant pick up anything, pushed game pieces across field, slow ",0,0,0,0,0,0,4,3,1,0,0,4,4,3,1,0,0,4,4,0,0,0,,2,0,3,10,7,20,3,0,0,15,2,#N/A,#N/A,#N/A,#N/A,#N/A,#N/A
4930_6,Shannon,2023hop,qm,6,2023hop_qm6,b3,4930,[2],1,0,x,b,0,,1,0,0,0,0,0,"[19,30,5]",1,0,,0,0,0,1,1,2,d,x,0,0,0,,,,,,"Throws pieces, misses often, very good swerve though",1,1,0,1,0,0,3,2,1,1,0,2,4,3,1,2,0,2,4,0,0,0,,6,1,9,15,7,31,3,6,0,22,6,Liam,s,118,35,35,Fast cycle with cubes
2096_6,Autumn ,2023hop,qm,6,2023hop_qm6,r2,2096,[6],1,0,d,c,0,,0,1,0,0,0,0,"[5,4]",1,0,,1,0,1,0,0,0,e,x,0,0,0,,,Popped cube while in grabber,,,Semi popped another cube in their grabber but didnt get called since not completely ,1,0,1,1,0,0,2,1,1,2,0,0,3,1,2,3,0,0,3,8,1,0,,10,1,17,20,5,42,3,6,8,15,10,Rebekah and Alex,s,56kg,35,35,Very nice and their robot sounds fairly good
4336_6,Rebekah,2023hop,qm,6,2023hop_qm6,r3,4336,[11],0,2,x,n,0,,0,0,1,0,0,0,"[1,3,10,12,16]",1,0,,0,0,1,0,0,0,e,x,0,0,0,Their placement of cubes on high was sketchy,Very tippy and tripped on charge station,,,,,1,1,0,0,1,0,5,0,5,2,3,0,6,1,5,2,4,0,6,0,0,0,,10,1,4,29,10,43,0,4,0,29,10,Caleb,s,124.75,25,30,Unsure about dimension
1727_6,kenny,2023hop,qm,6,2023hop_qm6,r1,1727,[9],1,1,x,b,0,,1,0,0,0,0,0,"[8,17,2,14,7,12,18,36]",0,0,,0,1,0,1,1,0,p,x,0,0,0,,,,,,,1,0,1,1,0,0,8,5,3,3,4,1,9,5,4,4,4,1,9,0,0,0,,2,0,9,31,15,55,3,6,0,44,2,Anna,s,81lbs,28in,24in,9-10 piece per match
201_7,Autumn ,2023hop,qm,7,2023hop_qm7,r2,201,[5],1,0,e,c,0,,0,1,0,0,0,1,"[29,28]",0,0,,0,0,0,1,1,0,e,x,1,0,0,,,,,,Grabber just stopped working randomly ,1,1,0,1,0,0,2,2,0,0,0,2,3,3,0,1,0,2,3,12,1,0,,10,1,21,14,5,40,3,6,12,9,10,#N/A,#N/A,#N/A,#N/A,#N/A,#N/A
4135_7,Shannon,2023hop,qm,7,2023hop_qm7,b3,4135,[1],1,0,x,b,0,,1,0,0,0,0,0,"[2,3,6]",0,0,,0,0,1,0,0,0,d,x,0,0,0,,,,Killed the balance for their teammate,,"Pretty slow and grabbing and placing, seemed to have trouble moving the robot",1,0,1,1,0,0,3,1,2,3,0,0,4,1,3,4,0,0,4,0,0,0,,6,1,9,21,7,37,3,6,0,22,6,Caleb ,s,115 (with bumpers),34,34,0
876_7,Rebekah,2023hop,qm,7,2023hop_qm7,r3,876,[9],0,1,x,b,0,,1,0,0,0,0,0,"[34,7,8,1,3]",0,0,,0,0,1,0,1,0,e,x,0,0,0,They were slow and took awhile to place cones,,,,,,1,0,1,1,0,0,5,2,3,4,0,1,6,2,4,5,0,1,6,0,0,0,,10,1,6,32,10,48,0,6,0,32,10,Anna,s,118.2lbs,28in,28in,"Led lights on robot, named alfardo"
1792_7,kenny,2023hop,qm,7,2023hop_qm7,r1,1792,"[2,28]",1,0,x,n,0,,0,0,1,0,0,0,"[10,21]",0,0,,0,0,1,0,0,0,p,x,0,0,0,very slow,,,couldn?t fit,,,2,2,0,1,0,1,2,0,2,0,1,1,4,2,2,1,1,2,4,0,0,0,,2,0,12,7,7,26,3,9,0,12,2,Anna,t,102lbs,33in,27in,Arm perelle to ground
6517_7,Allie,2023hop,qm,7,2023hop_qm7,b2,6517,[4],1,0,e,c,0,,0,1,0,0,0,1,"[34,31,32]",3,0,,1,0,0,1,1,0,d,x,0,0,0,,,"They popped at least one cube, also went completely into opposing zone but didnt get called",,,Really hard to score bc they throw game pieces but not accurately and sometimes pushed them back in,1,0,1,1,0,0,3,3,0,0,0,3,4,3,1,1,0,3,4,12,1,0,,6,1,21,12,7,40,3,6,12,13,6,Liam,s,87,31,27,Shoot cubes to possible high
9260_8,kenny,2023hop,qm,8,2023hop_qm8,r1,9260,[8],0,0,x,b,0,ran into teammate,1,0,0,0,0,0,"[7,18,16]",0,0,,0,0,1,0,0,0,x,x,0,0,1,fell over,quite,,,,everybot,1,1,0,1,0,0,3,0,3,1,2,0,4,1,3,2,2,0,4,0,0,0,,0,0,6,11,7,24,0,6,0,18,0,judd,t,125,35,28,Everybot. TEAM IS CLUELESS
3189_8,Allie,2023hop,qm,8,2023hop_qm8,b2,3189,"[38,29]",1,0,x,b,0,,1,0,0,0,0,0,[28],0,0,,0,0,0,0,0,0,p,x,0,1,0,,,,,,"Cube stuck in intake but got it out, sat there most of match disconnected ",2,1,0,0,0,1,1,1,0,0,0,1,3,2,0,0,0,2,3,0,0,0,,2,0,6,4,5,15,3,3,0,7,2,Caleb,s,123.6,34,34,0
1796_8,Rebekah,2023hop,qm,8,2023hop_qm8,r3,1796,[24],1,0,x,c,0,Collided with alliance member,0,1,0,0,0,0,"[5,3,4,12,10,11]",0,0,,1,0,1,0,0,0,e,x,0,0,0,Speedy,Tippy when hit hard,Extended into other loading zone,,,,1,0,1,0,0,1,6,2,4,3,3,0,7,2,5,3,3,1,7,0,0,0,,10,1,6,34,12,52,3,3,0,36,10,Anna,s,120lbs,28in,27in,Average
573_8,Autumn ,2023hop,qm,8,2023hop_qm8,r2,573,"[1,2]",1,0,x,n,0,,0,0,1,0,0,0,"[14,9,7,17]",0,0,,0,0,1,0,1,0,e,x,0,0,0,Really struggled grabbing cones from double station,,,,,,2,1,1,2,0,0,4,2,2,2,2,0,6,3,3,4,2,0,6,0,0,0,,10,1,15,26,10,51,3,12,0,26,10,Luke,s,124,26,29.5,Can pickup anywhere
498_8,Shannon,2023hop,qm,8,2023hop_qm8,b3,498,[13],1,0,d,c,0,Backed too far on charge station,0,1,0,0,0,0,"[7,14,35,27,34,24,33,30]",0,0,,0,1,1,0,1,0,e,x,0,0,0,,,,,,"Super fast, very versatile, drives over charge very well",1,0,1,0,1,0,8,5,3,1,1,6,9,5,4,1,2,6,9,8,1,0,,10,1,15,30,15,60,3,4,8,35,10,Luke,s,121,28,28,2and half piece auto
1799_9,Allie,2023hop,qm,9,2023hop_qm9,b2,1799,[29],0,0,x,x,0,,0,0,0,0,1,0,"[28,30]",1,0,,0,1,0,0,0,0,e,x,0,0,0,,,,,,"Bad intake pickup, it?s a crate, takes forever at single sub, game piece falls out over bump",1,1,0,0,0,1,2,2,0,0,0,2,3,3,0,0,0,3,3,0,0,0,,10,1,3,14,5,22,0,3,0,9,10,Anna,t,123.4lbs,36in,18in,"6 neons on drive train, skinny robot"
245_9,kenny,2023hop,qm,9,2023hop_qm9,r1,245,[9],1,0,x,b,0,,1,0,0,0,0,0,"[7,8,17,18,27]",0,0,,0,0,1,0,1,1,e,x,0,0,0,,,possible foul,good,,not fastest pickup,1,0,1,1,0,0,5,2,3,2,2,1,6,2,4,3,2,1,6,0,0,0,,10,1,9,28,10,47,3,6,0,31,10,#N/A,#N/A,#N/A,#N/A,#N/A,#N/A
1807_9,Rebekah,2023hop,qm,9,2023hop_qm9,r3,1807,[19],1,0,x,n,0,,0,0,1,0,0,0,"[21,1,2,3,4,12,10]",0,0,,1,1,0,0,1,0,e,x,0,0,0,Speedy ish pick up but slow placement,,Not sure why it was called,,,,1,0,1,0,0,1,7,1,6,4,2,1,8,1,7,4,2,2,8,0,0,0,,10,1,6,38,13,57,3,3,0,41,10,Anna,s,110lbs,29.5in,29.5in,Average
5816_9,Shannon,2023hop,qm,9,2023hop_qm9,b3,5816,[27],1,0,x,n,0,Missed pacing high conr,0,0,1,0,0,0,[],0,0,,0,0,0,0,0,0,e,g,0,0,0,,,,,"Caused a lot of fouls for other team, but unfortunately almost none were called, pretty tiny robot though",,1,0,1,0,0,1,0,0,0,0,0,0,1,0,1,0,0,1,1,0,0,1,3,10,1,6,10,2,18,3,3,0,2,10,Liam,t,100,38,35,Suction intake
2338_9,Autumn ,2023hop,qm,9,2023hop_qm9,r2,2338,[15],1,0,e,c,0,,0,1,0,0,0,1,"[13,11,29,5]",0,0,,0,0,1,0,0,0,p,x,0,0,0,Sat in substation for good 20 secs doing nothing in beginning with no other teammates in there,,,,,,1,0,1,0,1,0,4,3,1,1,2,1,5,3,2,1,3,1,5,12,1,0,,2,0,19,15,8,42,3,4,12,21,2,Rebekah and Alex,s,123.3,35.5,33.5,Hang off charge station
9118_10,Autumn ,2023hop,qm,10,2023hop_qm10,r2,9118,[],0,0,x,n,0,,0,0,1,0,0,0,[],0,0,,0,0,0,0,0,0,x,x,0,0,0,,,,,,No show,0,0,0,0,0,0,0,0,0,0,0,0,0,0,0,0,0,0,0,0,0,0,,0,0,0,0,0,0,0,0,0,0,0,#N/A,#N/A,#N/A,#N/A,#N/A,#N/A
5587_10,kenny,2023hop,qm,10,2023hop_qm10,r1,5587,[23],0,0,x,c,0,,0,1,0,0,0,0,[24],0,0,,0,0,0,0,1,0,x,x,0,1,0,no connect half in match,,,,,looks rough,1,0,1,0,0,1,1,0,1,0,0,1,2,0,2,0,0,2,2,0,0,0,,0,0,3,2,3,8,0,3,0,5,0,Liam,s,99,26.5,27,Spits cubes
3357_10,Shannon,2023hop,qm,10,2023hop_qm10,b3,3357,[1],1,1,x,b,0,Missed placing cube,1,0,0,0,0,0,"[3,10,11,12,13]",0,0,,0,1,0,0,1,0,e,x,0,0,0,,,,,,"Very fast, pretty good robot",1,0,1,1,0,0,5,1,4,1,4,0,6,1,5,2,4,0,6,0,0,0,,10,1,9,27,10,46,3,6,0,27,10,Caleb,t,100,27,33,Unsure about weight
4682_6,Alex,2023hop,qm,6,2023hop_qm6,b1,4682,[14],0,0,x,x,0,,0,0,0,0,1,0,"[16,17,24,15]",0,0,,1,0,1,0,0,0,d,x,0,0,0,,,Arm went inside opposing alliance robot,,,,1,1,0,0,1,0,4,1,3,0,3,1,5,2,3,0,4,1,5,0,0,0,,6,1,4,17,8,29,0,4,0,19,6,Caleb ,s,83,30,36,Unsure about weight
5675_10,Allie,2023hop,qm,10,2023hop_qm10,b2,5675,[4],1,0,e,c,0,,0,1,0,0,0,1,"[5,14,32,30]",0,0,,0,0,0,1,0,1,e,x,0,0,0,,,,"Got on before 30, drove off side",,,1,0,1,1,0,0,4,4,0,1,1,2,5,4,1,2,1,2,5,12,1,0,,10,1,21,22,8,51,3,6,12,23,10,Liam,s,124.7,34,34,0
4450_7,Liam,2023hop,qm,7,2023hop_qm7,b1,4450,[27],0,0,x,n,0,,0,0,1,0,0,0,[5],1,0,,0,0,1,0,0,0,x,x,1,1,0,Broke and almost cause unegagement ,,,,,"Extremely slow, can",1,0,1,0,0,1,1,1,0,1,0,0,2,1,1,1,0,1,2,0,0,0,,0,0,3,5,3,11,0,3,0,8,0,Caleb,s,100,24,36,0
999_8,Liam,2023hop,qm,8,2023hop_qm8,b1,999,[9],1,0,x,n,0,,0,0,1,0,0,0,"[8,18,7,16,17,32]",0,0,,0,0,1,1,1,0,e,x,0,0,0,Kept missing piece grab at dss,,,,,Kept having to realign to place cone,1,0,1,1,0,0,6,3,3,2,3,1,7,3,4,3,3,1,7,0,0,0,,10,1,9,31,12,52,3,6,0,33,10,Brian,t,94lb,32,23,Numatic brakes
5667_9,Liam,2023hop,qm,9,2023hop_qm9,b1,5667,[5],1,0,d,c,0,Went sideways instead of forward on cs,0,1,0,0,0,0,"[17,0,9]",3,0,,0,0,0,1,1,1,e,x,0,0,0,,,,,,"Flung cubes, not super accurate",1,1,0,1,0,0,3,1,1,1,1,0,4,2,1,2,1,0,4,8,1,0,,10,1,17,18,7,42,3,6,8,18,10,Liam,s,124.7,34,31,All three levels
4414_10,Liam,2023hop,qm,10,2023hop_qm10,b1,4414,"[16,27,9]",1,0,x,n,0,,0,0,1,0,0,0,"[17,35,34,7,18,6,33,28,29,15,8]",0,0,,0,0,1,0,1,0,p,x,0,0,0,,,,,,Attempted to climb but something was broken and just parked,3,0,3,1,1,1,11,7,4,3,3,5,14,7,7,4,4,6,14,0,0,0,,2,0,16,36,23,75,3,13,0,57,2,Caleb,s,124,26,26,4414
226_11,Caleb,2023hop,qm,11,2023hop_qm11,b2,226,[4],1,0,d,c,0,,0,1,0,0,0,0,"[36,34,5,7,6]",0,0,,0,1,1,0,1,0,e,x,0,0,0,,,,,,,1,0,1,1,0,0,5,3,2,3,0,2,6,3,3,4,0,2,6,8,1,0,,10,1,17,29,10,56,3,6,8,29,10,Luke,s,122,28,28,Cube ground intake
341_11,Allie,2023hop,qm,11,2023hop_qm11,b3,341,"[8,7]",1,0,x,n,0,Almost 3 piece,0,0,1,0,0,0,"[1,12,13,11]",0,0,,0,0,1,0,0,1,e,x,0,0,0,,,,,,Pretty speedy,2,1,1,2,0,0,4,1,3,1,3,0,6,2,4,3,3,0,6,0,0,0,,10,1,15,24,10,49,3,12,0,27,10,Luke,s,115,33,30,3 piece high auto
5123_11,kenny,2023hop,qm,11,2023hop_qm11,r1,5123,[],0,0,x,x,0,,0,0,0,0,1,0,[36],0,0,,0,0,0,0,0,0,p,b,0,1,0,sucks,very,,couldn?t climb ramp,bad,dnp,0,0,0,0,0,0,1,1,0,0,0,1,1,1,0,0,0,1,1,0,0,1,1,2,0,0,4,2,6,0,0,0,4,2,Liam ,t,112,29.5,29.5,Doesn
4265_11,Rebekah,2023hop,qm,11,2023hop_qm11,r3,4265,[6],1,0,e,c,0,,0,1,0,0,0,1,"[3,12,10,13,14,15,19,20,21]",0,0,,0,1,0,0,1,0,e,x,0,0,0,"Use single substation, but very quickly ",,,Balanced super quick with partner ,,Very very speedy,1,0,1,1,0,0,9,1,8,1,5,3,10,1,9,2,5,3,10,12,1,0,,10,1,21,36,17,74,3,6,12,43,10,Caleb ,s,113.6,35.5,35.5,0
4096_10,Rebekah,2023hop,qm,10,2023hop_qm10,r3,4096,[9],1,0,x,b,1,Reached over center line,1,0,0,0,0,0,"[7,5,6,4,8,23]",1,0,,0,0,1,0,0,0,e,x,0,0,0,They were speedy but a bit tippish ,,Reached over line in auto,Balanced quickly cause there was no one to balance with ,,,1,0,1,1,0,0,6,2,4,5,0,1,7,2,5,6,0,1,7,0,0,0,,10,1,9,37,12,58,3,6,0,39,10,Caleb,s,118,36,30,Unsure about weight
2046_11,Brian,2023hop,qm,11,2023hop_qm11,r2,2046,"[1,2,11]",1,0,x,n,0,,0,0,1,0,0,0,"[5,7,9,8,34,33,36]",0,0,,0,0,1,1,1,0,e,x,0,0,0,,,,,,,3,2,1,2,1,0,7,5,2,4,0,3,10,7,3,6,1,3,10,0,0,0,,10,1,19,36,17,72,3,16,0,43,10,Rebekah and Alex,s,106.9,31.5,31.5,"Climb up side of charge station, said high tide copied them"
7407_12,Caleb,2023hop,qm,12,2023hop_qm12,b2,7407,"[1,2,11]",1,0,x,b,0,,1,0,0,0,0,0,"[4,15,5,13,29]",0,0,,0,1,1,0,0,0,e,x,0,1,0,,,,Side balance,,,3,2,1,2,1,0,5,2,3,2,2,1,8,4,4,4,3,1,8,0,0,0,,10,1,19,28,13,60,3,16,0,31,10,Judd,s,125,32,32,Buddy climbs for their balance
9071_12,Luke,2023hop,qm,12,2023hop_qm12,r1,9071,[8],0,0,x,b,0,,1,0,0,0,0,0,"[9,7]",0,0,,0,0,1,0,0,0,e,x,0,0,0,Slow at everything,,,,,,1,1,0,1,0,0,2,0,2,2,0,0,3,1,2,3,0,0,3,0,0,0,,10,1,6,20,5,31,0,6,0,15,10,Judd,t,118,34,28,Everybot
6832_12,Judd,2023hop,qm,12,2023hop_qm12,r3,6832,[],0,0,x,x,0,,0,0,0,0,1,0,"[28,11,14]",0,0,,0,1,0,0,1,1,e,x,0,0,0,Double scored because piece missed the node,,,,,Bad at picking up,0,0,0,0,0,0,3,3,0,0,2,1,3,3,0,0,2,1,3,0,0,0,,10,1,0,18,5,23,0,0,0,16,10,Judd,o,101.5,35,32,Can place on all levels and only picks up off floor build quality was messy
4213_12,Brian,2023hop,qm,12,2023hop_qm12,r2,4213,[25],1,0,e,c,0,,0,1,0,0,0,1,"[5,2,24]",0,0,,0,0,1,0,1,0,e,b,1,0,0,,,Got a foul for getting pushed in the other community when trying to play defense ,, just not good at it ,,1,0,1,0,0,1,3,2,1,2,0,1,4,2,2,2,0,2,4,12,1,1,1,10,1,18,22,7,47,3,3,12,19,10,Caleb,s,78.9,30,30,Changed stuff
365_13,Brian,2023hop,qm,13,2023hop_qm13,r2,365,[9],1,0,x,b,0,,1,0,0,0,0,0,"[7,6,4]",0,0,,0,0,1,0,0,0,p,x,0,0,0,Bad at picking up from the double substation ,,,,,,1,0,1,1,0,0,3,0,3,3,0,0,4,0,4,4,0,0,4,0,0,0,,2,0,9,17,7,33,3,6,0,22,2,Luke,s,115,33,27,Pickups cubes off floor
107_13,Caleb,2023hop,qm,13,2023hop_qm13,b2,107,[5],1,0,x,c,0,,0,1,0,0,0,0,[2],0,0,,0,0,0,0,1,0,x,x,0,0,0,,,,,,Slow and didnt move,1,1,0,1,0,0,1,1,0,1,0,0,2,2,0,2,0,0,2,0,0,0,,0,0,9,5,3,17,3,6,0,8,0,Luke,s,123,27,25,Cube pickup off floor
8736_13,Judd,2023hop,qm,13,2023hop_qm13,r3,8736,[1],1,0,x,n,0,,0,0,1,0,0,0,"[2,3,6]",1,0,,0,0,0,0,1,0,e,x,0,0,0,Took like 15 seconds to place,,,,,,1,0,1,1,0,0,3,1,2,3,0,0,4,1,3,4,0,0,4,0,0,0,,10,1,9,25,7,41,3,6,0,22,10,Judd,s,124.8,37,25,Look decent wires are messy
2096_14,Judd,2023hop,qm,14,2023hop_qm14,r1,2096,[4],1,0,e,n,0,,0,0,1,0,0,1,"[5,6,7,9]",1,0,,0,0,0,0,0,1,e,x,0,0,0,Double scored for no reason,,,,,,1,0,1,1,0,0,4,1,3,4,0,0,5,1,4,5,0,0,5,12,1,0,,10,1,21,30,8,59,3,6,12,31,10,Rebekah and Alex,s,56kg,35,35,Very nice and their robot sounds fairly good
1987_14,Caleb,2023hop,qm,14,2023hop_qm14,b2,1987,[1],1,1,x,b,0,,1,0,0,0,0,0,"[2,9,7,6,15,11]",0,0,,0,1,0,0,0,0,e,x,0,0,0,,,,,,,1,0,1,1,0,0,6,2,4,4,2,0,7,2,5,5,2,0,7,0,0,0,,10,1,9,36,12,57,3,6,0,38,10,Rebekah and Alex,s,111.3,30,33,"Telescoping arm, don?t know much about robot"
3654_14,Brian,2023hop,qm,14,2023hop_qm14,r2,3654,[8],0,0,x,b,0,,1,0,0,0,0,0,"[35,36,34,17]",0,0,,0,0,0,1,1,0,e,x,0,0,0,Intake does not work very good,,,,,,1,1,0,1,0,0,4,4,0,0,1,3,5,5,0,1,1,3,5,0,0,0,,10,1,6,19,8,33,0,6,0,17,10,Caleb,t,100,30,30,0
9182_14,Autumn ,2023hop,qm,14,2023hop_qm14,r3,9182,[20],1,0,x,n,0,,0,0,1,0,0,0,"[28,30,32,31]",1,0,,1,0,0,1,1,0,x,a,0,0,0,,,Touching robot in their substation ,Going for triple but not enough time so backed off,"Last 30 secs played, nothing special ",,1,0,1,0,0,1,4,4,0,0,0,4,5,4,1,0,0,5,5,0,0,1,2,0,0,6,8,8,22,3,3,0,16,0,Judd,t,92.5,38,34,Only picks up off ground. Only one piece autos. Possible balancing auto
3636_11,Liam,2023hop,qm,11,2023hop_qm11,b1,3636,[19],1,1,x,b,0,"Failed placement, didn?t pickup",1,0,0,0,0,0,[2],0,0,,0,0,0,0,1,0,p,x,0,0,0,Very bad at placing,,Went outside arena and got disconnected,,,,1,0,1,0,0,1,1,1,0,1,0,0,2,1,1,1,0,1,2,0,0,0,,2,0,6,7,3,16,3,3,0,8,2,Caleb,s,77,26,28,0
4391_12,Liam,2023hop,qm,12,2023hop_qm12,b1,4391,[18],1,1,x,n,0,,0,0,1,0,0,0,"[8,7,17,18,16,26]",0,0,,0,0,1,0,1,0,e,x,0,0,0,"Fast dropoff, slow picking up from floor, dss",,,,,,1,0,1,0,1,0,6,2,4,2,3,1,7,2,5,2,4,1,7,0,0,0,,10,1,7,31,12,50,3,4,0,33,10,Caleb,s,109,30,30,0
2481_13,Liam,2023hop,qm,13,2023hop_qm13,b1,2481,"[9,17,8]",1,0,x,n,0,,0,0,1,0,0,0,"[7,6,4,32,3,1,21]",1,0,,0,0,0,0,0,0,e,x,0,0,0,,,,,,Cube got stuck on flipper,3,2,1,2,1,0,7,1,6,5,0,2,10,3,7,7,1,2,10,0,0,0,,10,1,19,39,17,75,3,16,0,46,10,#N/A,#N/A,#N/A,#N/A,#N/A,#N/A
772_14,Liam,2023hop,qm,14,2023hop_qm14,b1,772,[36],1,0,x,n,0,,0,0,1,0,0,0,"[36,33,35,32,29]",1,0,,0,1,0,0,1,0,p,x,0,0,0,,,,,,Intake is not very good,1,1,0,0,0,1,5,5,0,0,0,5,6,6,0,0,0,6,6,0,0,0,,2,0,6,12,10,28,3,3,0,20,2,Anna,t,64.2lbs,33in,32in,"Omni 2 whells on drivetrain, fast robot, can fill whole bottom, reliability, hang of change sation "
4450_7,Alex,2023hop,qm,7,2023hop_qm7,b1,4450,[27],0,0,x,x,0,,0,0,0,0,1,0,[8],0,0,,0,0,1,0,0,0,x,x,1,0,0,Lost all power to robot,,,,,,1,0,1,0,0,1,1,1,0,1,0,0,2,1,1,1,0,1,2,0,0,0,,0,0,3,5,3,11,0,3,0,8,0,Caleb,s,100,24,36,0
3019_13,Alex,2023hop,qm,13,2023hop_qm13,b3,3019,[28],0,0,x,n,0,,0,0,1,0,0,0,[],0,0,,0,0,0,0,0,0,d,g,0,0,0,,,,,,,1,1,0,0,0,1,0,0,0,0,0,0,1,1,0,0,0,1,1,0,0,1,3,6,1,3,6,2,11,0,3,0,2,6,Rebekah,t,47,36,34,"Didn?t know much about robot, can drive partially off side"
2052_14,Alex,2023hop,qm,14,2023hop_qm14,b3,2052,[14],0,1,e,c,0,,0,1,0,0,0,1,"[3,4,5,8,22,12]",0,0,,0,1,0,0,0,0,e,x,0,0,0,,,,,,,1,1,0,0,1,0,6,2,4,4,1,1,7,3,4,4,2,1,7,12,1,0,,10,1,16,35,12,63,0,4,12,37,10,Rebekah and Alex,s,120.6,34,28,Lots of autos
1323_15,Judd,2023hop,qm,15,2023hop_qm15,r1,1323,"[1,2]",1,0,e,n,0,,0,0,1,0,0,1,"[3,7,9,6,4,8,5,28,30,33,14]",0,0,,0,0,1,0,1,0,e,x,0,0,0,,,,Took a very long time to balance,,,2,1,1,2,0,0,11,6,5,7,1,3,13,7,6,9,1,3,13,12,1,0,,10,1,27,54,22,103,3,12,12,66,10,Anna,s,125lbs,29in,29in,Able to hold multiple cubes
2169_15,Caleb,2023hop,qm,15,2023hop_qm15,b2,2169,[5],0,0,e,c,0,,0,1,0,0,0,1,"[4,6,7]",1,0,,0,0,1,0,0,0,d,x,0,0,0,,,,,,Slow to place,1,1,0,1,0,0,3,0,3,3,0,0,4,1,3,4,0,0,4,12,1,0,,6,1,18,21,7,46,0,6,12,22,6,Rebekah and Alex,s,120,33,33,Little janky
6429_15,Autumn ,2023hop,qm,15,2023hop_qm15,r3,6429,[36],0,0,x,b,0,,1,0,0,0,0,0,"[31,29,34,36]",0,0,,0,0,0,1,0,0,e,x,0,0,0,Struggled hard core picking up cubes,,,,,Carried two pieces but not called,1,1,0,0,0,1,4,4,0,0,0,4,5,5,0,0,0,5,5,0,0,0,,10,1,3,18,8,29,0,3,0,16,10,Liam,s,104,24,24,Seems tippy
5648_15,Brian,2023hop,qm,15,2023hop_qm15,r2,5648,[32],0,0,x,x,0,,0,0,0,0,1,0,[],0,0,,0,0,0,0,0,0,p,x,0,0,0,Helped the other team while blocking their team,,Went into the other community 2 times but got no fouls,,After failing to push cubes still did not play defense ,Did nothing for the whole match but help the other team,1,1,0,0,0,1,0,0,0,0,0,0,1,1,0,0,0,1,1,0,0,0,,2,0,3,2,2,7,0,3,0,2,2,#N/A,#N/A,#N/A,#N/A,#N/A,#N/A
4135_15,Liam,2023hop,qm,15,2023hop_qm15,b1,4135,[1],1,0,x,b,0,,1,0,0,0,0,0,"[2,3,9,17]",0,0,,0,0,1,0,0,0,d,x,0,0,0,Spent 30s trying to place,,,Failed to balance at the end,,,1,0,1,1,0,0,4,2,2,3,1,0,5,2,3,4,1,0,5,0,0,0,,6,1,9,24,8,41,3,6,0,26,6,Caleb ,s,115 (with bumpers),34,34,0
1792_15,Alex,2023hop,qm,15,2023hop_qm15,b3,1792,"[8,17]",1,0,x,n,0,,0,0,1,0,0,0,"[18,16,10,3,21]",0,0,,0,0,1,0,1,0,p,x,0,0,0,,,,,,,2,2,0,1,1,0,5,0,5,1,3,1,7,2,5,2,4,1,7,0,0,0,,2,0,13,18,12,43,3,10,0,28,2,Anna,t,102lbs,33in,27in,Arm perelle to ground
5667_17,Brian,2023hop,qm,17,2023hop_qm17,r2,5667,[5],1,0,e,c,0,,0,1,0,0,0,1,"[4,6]",0,0,,0,0,1,0,1,1,p,x,1,0,0,,,,,,Intake fell apart,1,1,0,1,0,0,2,0,2,2,0,0,3,1,2,3,0,0,3,12,1,0,,2,0,21,12,5,38,3,6,12,18,2,Liam,s,124.7,34,31,All three levels
573_17,Caleb,2023hop,qm,17,2023hop_qm17,b2,573,[4],1,0,d,c,0,,0,1,0,0,0,0,"[6,5,15,13,14]",0,0,,0,0,1,0,1,0,e,x,0,0,0,,,,,,,1,0,1,1,0,0,5,2,3,2,3,0,6,2,4,3,3,0,6,8,1,0,,10,1,17,29,10,56,3,6,8,29,10,Luke,s,124,26,29.5,Can pickup anywhere
4450_17,Judd,2023hop,qm,17,2023hop_qm17,r1,4450,[19],1,0,x,n,0,,0,0,1,0,0,0,"[36,35,34,29]",2,0,,0,0,1,0,0,0,e,x,0,0,0,Missed a lot of pieces and only placed cubes on bottom,,,,,Very slow moving,1,0,1,0,0,1,4,4,0,0,0,4,5,4,1,0,0,5,5,0,0,0,,10,1,6,18,8,32,3,3,0,16,10,Caleb,s,100,24,36,0
1311_17,Autumn ,2023hop,qm,17,2023hop_qm17,r3,1311,[8],1,0,x,b,0,,1,0,0,0,0,0,"[2,11]",2,0,,0,0,0,1,0,0,e,x,0,0,0,Struggled grabbing cubes,,,,,Slow speed even slower arm,1,1,0,1,0,0,2,2,0,1,1,0,3,3,0,2,1,0,3,0,0,0,,10,1,9,18,5,32,3,6,0,13,10,Anna,t,87lbs,28in,26in,"Intake parallel to ground, 3 pieces auto"
696_17,Liam,2023hop,qm,17,2023hop_qm17,b1,696,"[18,36]",1,0,x,n,0,,0,0,1,0,0,0,"[9,7,16,8,17,35,33,32,30]",1,0,,0,0,1,0,1,0,p,x,0,0,0,"Very fast, missed shooting cone",,,,,,2,1,1,0,1,1,9,6,3,3,2,4,11,7,4,3,3,5,11,0,0,0,,2,0,10,31,18,59,3,7,0,47,2,Brian,s,111,25,24,Gyro with April tags
488_17,Anna,2023hop,qm,17,2023hop_qm17,b3,488,[1],1,0,x,b,0,Grabbed a cube,1,0,0,0,0,0,"[29,3,10,21,19]",0,0,,0,1,0,0,1,0,e,x,0,0,0,Good driver,,,,,Dubble score a hybride but the gride was not filled up yet,1,0,1,1,0,0,5,1,4,1,1,3,6,1,5,2,1,3,6,0,0,0,,10,1,9,24,10,43,3,6,0,24,10,Luke,s,125,29,29,Pickups from ground
7457_18,Caleb,2023hop,qm,18,2023hop_qm18,b2,7457,"[20,21]",1,0,x,b,0,,1,0,0,0,0,0,"[6,4,14,13,24,32]",0,0,,0,1,1,0,0,0,p,x,0,0,0,,,,,,,2,0,2,0,0,2,6,2,4,2,2,2,8,2,6,2,2,4,8,0,0,0,,2,0,9,22,13,44,3,6,0,33,2,#N/A,#N/A,#N/A,#N/A,#N/A,#N/A
190_18,Autumn ,2023hop,qm,18,2023hop_qm18,r3,190,[],0,0,x,x,0,No auto,0,0,0,0,1,0,"[36,32]",1,0,,0,0,0,0,0,0,p,x,0,0,0,Hung out in community doing nothing for 30 secs,,,,,Connectivity issues before match ,0,0,0,0,0,0,2,2,0,0,0,2,2,2,0,0,0,2,2,0,0,0,,2,0,0,6,3,9,0,0,0,7,2,Luke,t,0,34 no bumps,38 no bumps,Can pickup off the floor nice looking robot
2930_18,Liam,2023hop,qm,18,2023hop_qm18,b1,2930,"[9,17,36]",1,0,x,n,0,,0,0,1,0,0,0,"[7,16,18,8,26]",0,0,,0,0,1,0,0,1,e,x,0,0,0,Auto almost failed,,,,,"Fast, sometimes fails to place",3,2,1,1,1,1,5,1,4,2,2,1,8,3,5,3,3,2,8,0,0,0,,10,1,16,28,13,57,3,13,0,34,10,Rebekah and Alex,s,115,34,36,Very nice fanboys who love our robot and past robots
4414_18,Judd,2023hop,qm,18,2023hop_qm18,r1,4414,"[12,10]",1,0,e,n,0,,0,0,1,0,0,1,"[1,3,19,2,11,4,6,29,5]",2,0,,0,0,0,0,1,0,d,x,0,0,0,Missed two pieces on bottom,,,,,,2,0,2,0,2,0,9,4,5,6,1,2,11,4,7,6,3,2,11,12,1,0,,6,1,23,43,18,84,3,8,12,55,6,Caleb,s,124,26,26,4414
6357_18,Anna,2023hop,qm,18,2023hop_qm18,b3,6357,[5],1,0,e,c,0,,0,1,0,0,0,1,"[2,11,19,3,1]",0,0,,0,1,0,0,1,0,e,x,0,0,0,Good driver,,,,,"Got hit and cone fell out of robot, tried to score high cone fell to hybrid",1,1,0,1,0,0,5,2,3,3,1,1,6,3,3,4,1,1,6,12,1,0,,10,1,21,30,10,61,3,6,12,30,10,Liam,s,116,32,32,Prefer single sub
3189_18,Brian,2023hop,qm,18,2023hop_qm18,r2,3189,[],0,0,x,x,0,,0,0,0,0,1,0,"[35,34,31]",0,0,,0,0,0,1,1,0,d,x,0,0,0,,,,Started at 30 seconds left,,,0,0,0,0,0,0,3,3,0,0,0,3,3,3,0,0,0,3,3,0,0,0,,6,1,0,12,5,17,0,0,0,11,6,Caleb,s,123.6,34,34,0
4682_19,Brian,2023hop,qm,19,2023hop_qm19,r2,4682,[5],1,0,e,c,0,,0,1,0,0,0,1,[],1,0,,0,0,1,0,0,0,x,x,0,0,1,,Fell when going over the charge station ,,,,,1,1,0,1,0,0,0,0,0,0,0,0,1,1,0,1,0,0,1,12,1,0,,0,0,21,0,2,23,3,6,12,2,0,Caleb ,s,83,30,36,Unsure about weight
3636_19,Caleb,2023hop,qm,19,2023hop_qm19,b2,3636,[27],1,0,x,n,0,Failed pickup twice,0,0,1,0,0,0,"[9,8,17,7,6,5,16,18]",0,0,,0,0,1,0,1,0,e,x,0,0,0,,,,,,Fast,1,0,1,0,0,1,8,3,5,5,3,0,9,3,6,5,3,1,9,0,0,0,,10,1,6,44,15,65,3,3,0,49,10,Caleb,s,77,26,28,0
498_19,Liam,2023hop,qm,19,2023hop_qm19,b1,498,[13],1,0,e,c,0,,0,1,0,0,0,1,"[15,14,32,35,31,30,28]",0,0,,0,1,0,0,1,0,e,x,0,0,0,,,,,,"Fast, not great at driving between enemy",1,0,1,0,1,0,7,6,1,0,2,5,8,6,2,0,3,5,8,12,1,0,,10,1,19,26,13,58,3,4,12,29,10,Luke,s,121,28,28,2and half piece auto
9118_19,Autumn ,2023hop,qm,19,2023hop_qm19,r3,9118,[],1,1,x,n,0,,0,0,1,0,0,0,"[31,32,29]",1,0,,1,0,0,0,1,0,x,x,0,0,0,,,Went in other teams substation area,,,Violently hit wall and nodes a couple times ,0,0,0,0,0,0,3,3,0,0,0,3,3,3,0,0,0,3,3,0,0,0,,0,0,3,6,5,14,3,0,0,11,0,#N/A,#N/A,#N/A,#N/A,#N/A,#N/A
876_19,Judd,2023hop,qm,19,2023hop_qm19,r1,876,"[9,38,8]",1,0,x,b,0,,1,0,0,0,0,0,"[7,2,36,28,6,3]",0,0,,0,0,1,0,0,0,e,x,0,0,0,Very slow at picking up,,,,,,3,1,1,2,0,0,6,3,3,4,0,2,9,4,4,6,0,2,9,0,0,0,,10,1,15,34,15,64,3,12,0,39,10,Anna,s,118.2lbs,28in,28in,"Led lights on robot, named alfardo"
245_19,Anna,2023hop,qm,19,2023hop_qm19,b3,245,"[1,2]",1,0,x,b,0,,1,0,0,0,0,0,"[11,3,10,12,20,30]",0,0,,0,0,1,0,1,1,e,x,0,0,0,"Fats ish, good driver",,,,,"Get cubes from ground, cones from the shelf",2,1,1,2,0,0,6,2,4,1,3,2,8,3,5,3,3,2,8,0,0,0,,10,1,15,28,13,56,3,12,0,34,10,#N/A,#N/A,#N/A,#N/A,#N/A,#N/A
2338_20,Caleb,2023hop,qm,20,2023hop_qm20,b2,2338,"[1,2]",1,0,x,b,0,,1,0,0,0,0,0,"[6,15,13,3,14,34]",0,0,,0,0,1,0,1,0,e,x,0,0,0,,,,,,One placement super slow,2,1,1,2,0,0,6,2,4,2,3,1,8,3,5,4,3,1,8,0,0,0,,10,1,15,31,13,59,3,12,0,34,10,Rebekah and Alex,s,123.3,35.5,33.5,Hang off charge station
4336_20,Liam,2023hop,qm,20,2023hop_qm20,b1,4336,[9],1,1,x,n,0,,0,0,1,0,0,0,"[7,18,16,8]",1,0,,0,1,1,0,1,0,e,x,0,0,0,,,,,,Kept missing piece pickup at loading,1,0,1,1,0,0,4,1,3,2,2,0,5,1,4,3,2,0,5,0,0,0,,10,1,9,26,8,43,3,6,0,24,10,Caleb,s,124.75,25,30,Unsure about dimension
610_20,Judd,2023hop,qm,20,2023hop_qm20,r1,610,[6],1,0,e,c,0,,0,1,0,0,0,1,"[5,4,9,24,23,30]",0,0,,0,1,0,0,1,0,p,x,0,0,0,Slow at picking up off ground,,,,,,1,0,1,1,0,0,6,2,4,3,0,3,7,2,5,4,0,3,7,12,1,0,,2,0,21,23,12,56,3,6,12,33,2,#N/A,#N/A,#N/A,#N/A,#N/A,#N/A
5587_20,Autumn ,2023hop,qm,20,2023hop_qm20,r3,5587,[19],1,0,x,n,0,,0,0,1,0,0,0,[30],0,0,,0,0,0,0,1,0,e,x,0,0,0,Got stuck on charge station with 100 secs left and unstuck with 30 secs,,,,,Ultimately was doing nothing even before got stuck,1,0,1,0,0,1,1,1,0,0,0,1,2,1,1,0,0,2,2,0,0,0,,10,1,6,12,3,21,3,3,0,5,10,Liam,s,99,26.5,27,Spits cubes
9071_20,Brian,2023hop,qm,20,2023hop_qm20,r2,9071,[8],1,0,x,b,0,,1,0,0,0,0,0,[7],0,0,,0,0,1,0,0,0,e,x,0,0,0,Slow,,,,,,1,1,0,1,0,0,1,0,1,1,0,0,2,1,1,2,0,0,2,0,0,0,,10,1,9,15,3,27,3,6,0,8,10,Judd,t,118,34,28,Everybot
68_20,Anna,2023hop,qm,20,2023hop_qm20,b3,68,[4],1,0,x,c,0,Tried to pick up a cube and failed,0,1,0,0,0,0,"[5,36]",0,0,,0,0,0,0,1,0,e,x,0,0,0,Slow,,,Went to engaged with 45 second left,,Trouble with robot,1,0,1,1,0,0,2,2,0,1,0,1,3,2,1,2,0,1,3,0,0,0,,10,1,9,17,5,31,3,6,0,12,10,Luke,s,100,27,24,Stability small
201_21,Caleb,2023hop,qm,21,2023hop_qm21,b2,201,[5],1,0,e,c,0,,0,1,0,0,0,1,"[32,31,30,34]",2,0,,0,0,0,1,1,0,e,x,0,0,0,,,,,,Dropped 2 pieces,1,1,0,1,0,0,4,4,0,0,0,4,5,5,0,1,0,4,5,12,1,0,,10,1,21,18,8,47,3,6,12,16,10,#N/A,#N/A,#N/A,#N/A,#N/A,#N/A
226_21,Alex,2023hop,qm,21,2023hop_qm21,b1,226,"[28,29]",1,0,x,b,0,,1,0,0,0,0,0,"[8,7,6,4]",0,0,,0,0,1,1,1,0,e,x,0,0,0,Intake sometimes jams,,,,,,2,2,0,0,0,2,4,1,3,4,0,0,6,3,3,4,0,2,6,0,0,0,,10,1,9,30,10,49,3,6,0,30,10,Luke,s,122,28,28,Cube ground intake
9260_21,Judd,2023hop,qm,21,2023hop_qm21,r1,9260,[],0,0,x,x,0,,0,0,0,0,1,0,"[1,4,28,13]",1,0,,0,0,1,0,0,0,p,x,0,0,0,Slow at picking up pieces,,,,,I missed first part of the match,0,0,0,0,0,0,4,1,3,2,1,1,4,1,3,2,1,1,4,0,0,0,,2,0,0,17,7,24,0,0,0,22,2,judd,t,125,35,28,Everybot. TEAM IS CLUELESS
2495_21,Anna,2023hop,qm,21,2023hop_qm21,b3,2495,[9],1,0,x,n,0,,0,0,1,0,0,0,"[1,2,3,10,12]",0,0,,0,0,1,0,1,0,p,x,0,0,0,,Is pretty tippy,,Not enough time to balance,,,1,0,1,1,0,0,5,1,4,3,2,0,6,1,5,4,2,0,6,0,0,0,,2,0,9,23,10,42,3,6,0,31,2,Rebekah and Alex,t,100,31,39,Rotating arm and different gear speeds for robot
3019_21,Autumn ,2023hop,qm,21,2023hop_qm21,r3,3019,[17],0,0,x,b,1,Crossed center line and rammed other bot,1,0,0,0,0,0,[],0,0,,3,0,0,0,0,0,e,g,0,0,0,,,Went in other teams substation area,,Guarded own team twice but overall decently effective,,1,1,0,0,1,0,0,0,0,0,0,0,1,1,0,0,1,0,1,0,0,1,3,10,1,4,10,2,16,0,4,0,2,10,Rebekah,t,47,36,34,"Didn?t know much about robot, can drive partially off side"
6832_22,Brian,2023hop,qm,22,2023hop_qm22,r2,6832,[],0,0,x,x,0,,0,0,0,0,1,0,[30],0,0,,0,0,0,1,0,0,x,x,0,0,1,,,,,,Fell going over charge station also very bad at picking up cubes,0,0,0,0,0,0,1,1,0,0,0,1,1,1,0,0,0,1,1,0,0,0,,0,0,0,2,2,4,0,0,0,4,0,Judd,o,101.5,35,32,Can place on all levels and only picks up off floor build quality was messy
4096_22,Caleb,2023hop,qm,22,2023hop_qm22,b2,4096,[6],1,0,e,c,0,,0,1,0,0,0,1,"[22,5,4,15,13,23,30]",0,0,,0,0,1,0,1,0,e,x,0,0,0,,,,,,,1,0,1,1,0,0,7,2,5,2,2,3,8,2,6,3,2,3,8,12,1,0,,10,1,21,32,13,66,3,6,12,35,10,Caleb,s,118,36,30,Unsure about weight
6024_21,Brian,2023hop,qm,21,2023hop_qm21,r2,6024,[14],0,0,e,c,0,,0,1,0,0,0,1,[22],0,0,,0,1,0,0,0,0,e,x,0,1,0,,,,,,Did nothing for a bit and just bad,1,1,0,0,1,0,1,0,1,0,0,1,2,1,1,0,1,1,2,12,1,0,,10,1,16,12,3,31,0,4,12,5,10,Liam,t,99,35,35,Gear makes it easy to Aline
4265_22, Allie,2023hop,qm,22,2023hop_qm22,b1,4265,[10],1,0,x,b,0,Missed second piece,1,0,0,0,0,0,"[8,7,9,16,17,18,14,23]",0,0,,0,1,0,0,0,0,p,x,0,0,0,,,,,,,1,0,1,0,1,0,8,3,5,3,4,1,9,3,6,3,5,1,9,0,0,0,,2,0,7,31,15,53,3,4,0,44,2,Caleb ,s,113.6,35.5,35.5,0
1986_22,Rebekah,2023hop,qm,22,2023hop_qm22,r3,1986,"[1,2]",1,1,x,n,0,,0,0,1,0,0,0,"[11,3,10,12,19,21,24,26]",0,0,,0,0,1,0,1,0,e,x,0,0,0,"Very quick, misses pieces in low then pushes them in later",,,Balanced quickly ,,Theyre pretty good,2,1,1,2,0,0,8,1,7,1,3,4,10,2,8,3,3,4,10,0,0,0,,10,1,15,32,17,64,3,12,0,39,10,Brian,s,120,22.5,30,Intake is a converyer belt
1807_22,Anna,2023hop,qm,22,2023hop_qm22,b3,1807,[27],1,0,x,n,0,Tried to place cone in hybrid not pushed in all the way,0,0,1,0,0,0,"[25,26,3,2,1,12,11,29,28]",0,0,,0,1,0,0,1,0,e,x,0,0,0,"Fast cycles, good driver",,,,,Drop cones and cubes into robot from single substation,1,0,1,0,0,1,9,4,5,3,2,4,10,4,6,3,2,5,10,0,0,0,,10,1,6,39,17,62,3,3,0,46,10,Anna,s,110lbs,29.5in,29.5in,Average
107_23, Allie,2023hop,qm,23,2023hop_qm23,b1,107,[5],1,0,d,c,0,,0,1,0,0,0,0,"[36,7,18,25,35,16]",0,0,,0,1,0,0,0,1,e,x,0,0,0,,,,,,"A little slow, decent ig",1,1,0,1,0,0,6,2,4,1,2,3,7,3,4,2,2,3,7,8,1,0,,10,1,17,27,12,56,3,6,8,32,10,Luke,s,123,27,25,Cube pickup off floor
4930_23,Anna,2023hop,qm,23,2023hop_qm23,b3,4930,[11],1,0,x,b,0,"Tried for second game piece, did not pick it up",1,0,0,0,0,0,"[29,28]",0,0,,0,0,0,0,1,0,e,a,0,0,0,"Trouble picking up game pieces, switched to defense half way threw",,,,,,1,1,0,0,1,0,2,2,0,0,0,2,3,3,0,0,1,2,3,0,0,1,2,10,1,7,14,5,26,3,4,0,9,10,Liam,s,118,35,35,Fast cycle with cubes
2046_23,Caleb,2023hop,qm,23,2023hop_qm23,b2,2046,"[9,8,17]",1,0,x,n,0,,0,0,1,0,0,0,"[6,4,3,1,2,12,13]",0,0,,0,0,1,1,0,0,e,x,0,0,0,,,,Jumped side of station,,,3,2,1,2,1,0,7,1,6,5,2,0,10,3,7,7,3,0,10,0,0,0,,10,1,19,41,17,77,3,16,0,48,10,Rebekah and Alex,s,106.9,31.5,31.5,"Climb up side of charge station, said high tide copied them"
6517_23,Autumn,2023hop,qm,23,2023hop_qm23,r1,6517,[6],1,0,e,c,0,,0,1,0,0,0,1,"[21,34,33]",2,0,,0,0,0,1,1,0,d,x,0,0,0,,,,,,"Not very reliable shooter, straight up shoot cones",1,0,1,1,0,0,3,2,1,0,0,3,4,2,2,1,0,3,4,12,1,0,,6,1,21,12,7,40,3,6,12,13,6,Liam,s,87,31,27,Shoot cubes to possible high
1799_23,Rebekah,2023hop,qm,23,2023hop_qm23,r3,1799,[34],0,0,x,b,0,,1,0,0,0,0,0,"[26,27,22]",0,1,4930,0,1,0,0,0,1,x,x,0,0,0,They cant cycle to save their lives,,,Ruined climb for entire alliance,Defense shut them down,Theyre cute but DNP,1,1,0,0,0,1,3,0,3,0,0,3,4,1,3,0,0,4,4,0,0,0,,0,0,3,6,7,16,0,3,0,16,0,Anna,t,123.4lbs,36in,18in,"6 neons on drive train, skinny robot"
5675_23,Brian,2023hop,qm,23,2023hop_qm23,r2,5675,[1],1,0,x,n,0,,0,0,1,0,0,0,"[3,5,2,8,28,29,33]",0,0,,0,1,0,0,1,0,x,x,0,0,0,,,,,,,1,0,1,1,0,0,7,6,1,4,0,3,8,6,2,5,0,3,8,0,0,0,,0,0,9,26,13,48,3,6,0,39,0,Liam,s,124.7,34,34,0
5123_24,Caleb,2023hop,qm,24,2023hop_qm24,b2,5123,[],0,0,x,x,0,Drove 3 ft,0,0,0,0,1,0,[],0,0,,0,0,0,0,0,0,p,x,0,0,0,,,,,,Did nothing just moved around,0,0,0,0,0,0,0,0,0,0,0,0,0,0,0,0,0,0,0,0,0,0,,2,0,0,2,0,2,0,0,0,0,2,Liam ,t,112,29.5,29.5,Doesn
5816_24, Allie,2023hop,qm,24,2023hop_qm24,b1,5816,[1],1,0,x,b,0,,1,0,0,0,0,0,[],0,0,,2,0,0,0,0,0,d,b,0,0,0,,,Got pushed onto opposing charge station,Were engaged but teammate was touching,Very bad bc they dont stop anyone and get shoved around too easily,Kinda slow,1,0,1,1,0,0,0,0,0,0,0,0,1,0,1,1,0,0,1,0,0,1,1,6,1,9,6,2,17,3,6,0,2,6,Liam,t,100,38,35,Suction intake
3357_24,Autumn,2023hop,qm,24,2023hop_qm24,r1,3357,"[1,2]",1,1,x,n,0,Third piece missed when they ran into wall,0,0,1,0,0,0,"[18,9,11,25,16,15]",0,1,5817,0,0,0,1,0,0,e,x,0,0,0,Decently fast,,,,Decent at avoiding or getting around,,2,1,1,2,0,0,6,1,5,1,4,1,8,2,6,3,4,1,8,0,0,0,,10,1,15,29,13,57,3,12,0,32,10,Caleb,t,100,27,33,Unsure about weight
2609_24,Brian,2023hop,qm,24,2023hop_qm24,r2,2609,[6],1,0,e,c,0,,0,1,0,0,0,1,"[3,4,10,12,13,22]",0,0,,0,0,1,0,0,0,e,x,0,0,0,,,,,,,1,0,1,1,0,0,6,0,6,2,3,1,7,0,7,3,3,1,7,12,1,0,,10,1,21,31,12,64,3,6,12,33,10,Rebekah and Alex,s,97,35,35,"Cool swerve that goes super fast, very nice people"
4391_24,Anna,2023hop,qm,24,2023hop_qm24,b3,4391,[4],1,0,a,c,0,Tried to get second piece in auto,0,1,0,0,0,0,"[3,6,5,2,25]",1,0,,0,0,1,0,1,0,p,x,0,0,0,Average,,,Not enough time to balance,,,1,0,1,1,0,0,5,2,3,4,0,1,6,2,4,5,0,1,6,0,1,0,,2,0,9,24,10,43,3,6,0,32,2,Caleb,s,109,30,30,0
365_24,Rebekah,2023hop,qm,24,2023hop_qm24,r3,365,[9],1,0,x,b,0,,1,0,0,0,0,0,"[8,5,14,17,29,28,30,32]",0,0,,0,0,0,1,1,0,p,x,0,0,0,Quick ish pick up but takes forever to place ,They were very tippy,,,,,1,0,1,1,0,0,8,8,0,2,2,4,9,8,1,3,2,4,9,0,0,0,,2,0,9,26,15,50,3,6,0,39,2,Luke,s,115,33,27,Pickups cubes off floor
9202_22,kenny,2023hop,qm,22,2023hop_qm22,r1,9202,[],1,0,e,c,0,,0,1,0,0,0,1,"[32,33,17]",0,0,,0,0,0,1,1,0,e,x,0,0,0,very slow,,,,,super slow cycle,0,0,0,0,0,0,3,3,0,0,1,2,3,3,0,0,1,2,3,12,1,0,,10,1,15,17,5,37,3,0,12,12,10,Judd,s,96,33,33,Bad bumpers.
2718_25, Allie,2023hop,qm,25,2023hop_qm25,b1,2718,[2],1,0,x,b,0,,1,0,0,0,0,0,"[8,5,11,35]",0,0,,0,0,0,0,1,0,e,x,0,0,0,,,,,,Theyre just kinda slow,1,1,0,1,0,0,4,4,0,2,1,1,5,5,0,3,1,1,5,0,0,0,,10,1,9,25,8,42,3,6,0,23,10,Rebekah and Alex,s,125,31,37,Pick up on both sides of robot
4213_25,Brian,2023hop,qm,25,2023hop_qm25,r2,4213,[],0,0,x,x,0,,0,0,0,0,1,0,[],0,0,,0,0,0,0,0,0,e,x,1,0,0,Got stuck in the beginning of match then just balanced ,,,,,,0,0,0,0,0,0,0,0,0,0,0,0,0,0,0,0,0,0,0,0,0,0,,10,1,0,10,0,10,0,0,0,0,10,Caleb,s,78.9,30,30,Changed stuff
1796_25,Anna,2023hop,qm,25,2023hop_qm25,b3,1796,[24],1,0,x,c,0,Tried to get a second game piece,0,1,0,0,0,0,"[14,10,21,19,22]",0,0,,0,0,1,0,1,0,e,x,0,0,0,Slow at placeing game pieces,,,,,,1,0,1,0,0,1,5,1,4,0,2,3,6,1,5,0,2,4,6,0,0,0,,10,1,6,22,10,38,3,3,0,22,10,Anna,s,120lbs,28in,27in,Average
9082_25,Rebekah,2023hop,qm,25,2023hop_qm25,r3,9082,[8],1,0,x,b,0,,1,0,0,0,0,0,"[5,11,2]",1,0,,1,0,0,0,1,1,e,x,0,0,0,Arm caught on other robot and they almost fellnover,Almost tipped like 3 times,I think overextension ,,,,1,1,0,1,0,0,3,3,0,2,1,0,4,4,0,3,1,0,4,0,0,0,,10,1,9,23,7,39,3,6,0,23,10,Judd,t,105,34,30,Can balance in auto
341_25,Caleb,2023hop,qm,25,2023hop_qm25,b2,341,"[17,25]",1,1,x,n,0,,0,0,1,0,0,0,"[9,6,7]",0,0,,0,0,1,0,1,0,e,x,0,1,0,,,,,,Connection issues for 35 seconds ,2,1,1,0,1,1,3,0,3,3,0,0,5,1,4,3,1,1,5,0,0,0,,10,1,10,25,8,43,3,7,0,23,10,Luke,s,115,33,30,3 piece high auto
4400_26,Autumn,2023hop,qm,26,2023hop_qm26,r2,4400,[5],1,0,e,c,0,,0,1,0,0,0,1,"[2,36,35,34,33,32,31,30,28]",0,0,,0,0,0,1,0,0,e,x,0,0,0,,,,,,Shoots cubes ,1,1,0,1,0,0,9,9,0,1,0,8,10,10,0,2,0,8,10,12,1,0,,10,1,21,31,17,69,3,6,12,38,10,Caleb,t,108,22,26,0
353_26, Allie,2023hop,qm,26,2023hop_qm26,b2,353,[15],1,0,d,c,0,,0,1,0,0,0,0,"[18,13,12,14]",1,0,,0,0,1,1,0,0,e,x,0,0,0,,,,,,,1,0,1,0,1,0,4,1,3,0,4,0,5,1,4,0,5,0,5,8,1,0,,10,1,15,22,8,45,3,4,8,20,10,Luke,t,110 probably,34,27,Braking mechanism for balancing
2169_26,Rebekah,2023hop,qm,26,2023hop_qm26,r3,2169,[1],1,1,x,n,0,,0,0,1,0,0,0,"[3,11,10,12,13]",0,0,,0,0,1,1,0,0,e,x,0,0,0,Drops pieces and takes forever to do anything ,Incredibly tippy,,,,Very sketchy ,1,0,1,1,0,0,5,1,4,1,4,0,6,1,5,2,4,0,6,0,0,0,,10,1,9,27,10,46,3,6,0,27,10,Rebekah and Alex,s,120,33,33,Little janky
7407_26,kenny,2023hop,qm,26,2023hop_qm26,r1,7407,"[9,8]",1,0,x,b,0,,1,0,0,0,0,0,"[17,7,6,3,16,18,14]",0,0,,0,0,1,0,1,0,e,x,0,0,0,,,,,,good bot. fast,2,1,1,2,0,0,7,2,5,3,4,0,9,3,6,5,4,0,9,0,0,0,,10,1,15,37,15,67,3,12,0,42,10,Judd,s,125,32,32,Buddy climbs for their balance
7457_26,Anna,2023hop,qm,26,2023hop_qm26,b3,7457,"[21,20,19]",1,0,x,b,0,,1,0,0,0,0,0,"[2,-6,3,1,22,5,4,11,10]",1,0,,0,0,1,0,1,0,p,x,0,0,0,"Fats cycles, good driver",,,Was scoring a cone to get the last link,,,3,0,3,0,0,3,9,3,5,5,2,1,12,3,8,5,2,4,12,0,0,0,,2,0,12,35,20,67,3,9,0,53,2,#N/A,#N/A,#N/A,#N/A,#N/A,#N/A
8736_26,Liam,2023hop,qm,26,2023hop_qm26,b1,8736,[17],1,1,x,n,0,,0,0,1,0,0,0,"[16,8,9,7]",0,0,,0,1,0,0,0,0,e,x,0,0,0,Slow,,,,,Takes a long time to place,1,1,0,0,1,0,4,1,3,3,1,0,5,2,3,3,2,0,5,0,0,0,,10,1,7,28,8,43,3,4,0,26,10,Judd,s,124.8,37,25,Look decent wires are messy
1706_27, Allie,2023hop,qm,27,2023hop_qm27,b2,1706,"[10,2,11]",1,0,x,b,0,,1,0,0,0,0,0,"[27,9,7,8,6,26,18,16,17]",0,0,,0,0,1,0,1,0,e,x,0,0,0,,,,,,"fast cycling, throws game pieces but its accurate",3,2,1,1,2,0,9,2,7,4,3,2,12,4,8,5,5,2,12,0,0,0,,10,1,17,43,20,80,3,14,0,53,10,Anna,s,115lbs,29in,26in,Shoot cubes and cones
999_27,Anna,2023hop,qm,27,2023hop_qm27,b3,999,[5],0,0,e,c,0,,0,1,0,0,0,1,"[1,3,12]",0,0,,0,0,1,0,0,0,e,b,0,0,0,Slow,,,,"Started of doing defence, was bad defence",,1,1,0,1,0,0,3,0,3,2,1,0,4,1,3,3,1,0,4,12,1,1,1,10,1,18,23,7,48,0,6,12,20,10,Brian,t,94lb,32,23,Numatic brakes
772_27,Rebekah,2023hop,qm,27,2023hop_qm27,r3,772,[],1,1,d,c,0,,0,1,0,0,0,0,"[33,31]",0,0,,2,0,0,1,0,0,e,x,0,0,0,"FTA came over before match, driving fast is all theyve got going for them",,Missed what it was for,Balanced with 15 seconds left,,DNP,0,0,0,0,0,0,2,2,0,0,0,2,2,2,0,0,0,2,2,8,1,0,,10,1,11,14,3,28,3,0,8,7,10,Anna,t,64.2lbs,33in,32in,"Omni 2 whells on drivetrain, fast robot, can fill whole bottom, reliability, hang of change sation "
3636_27,Liam,2023hop,qm,27,2023hop_qm27,b1,3636,[],1,2,x,n,0,"Let go of cone, missed pickup x2",0,0,1,0,0,0,"[4,14,33]",0,0,,0,0,1,0,1,0,e,x,0,1,0,,,,,,Connection issue for 45s of match,0,0,0,0,0,0,3,2,1,1,1,1,3,2,1,1,1,1,3,0,0,0,,10,1,3,20,5,28,3,0,0,15,10,Caleb,s,77,26,28,0
4414_27,Autumn,2023hop,qm,27,2023hop_qm27,r2,4414,"[10,12,1]",1,0,x,n,0,,0,0,1,0,0,0,"[3,4,2,11,28,29,30,5,35]",0,0,,0,0,0,1,1,0,e,x,0,0,0,Smooth and quick driving,,,,,,3,0,3,1,2,0,9,7,2,4,1,4,12,7,5,5,3,4,12,0,0,0,,10,1,17,41,20,78,3,14,0,51,10,Caleb,s,124,26,26,4414
488_27,kenny,2023hop,qm,27,2023hop_qm27,r1,488,[9],1,0,x,b,0,,1,0,0,0,0,0,"[8,7,6,18,25,27]",0,0,,0,0,0,1,1,0,e,x,0,0,0,,,,,,clean and speedy bot,1,0,1,1,0,0,6,1,5,3,1,2,7,1,6,4,1,2,7,0,0,0,,10,1,9,32,12,53,3,6,0,34,10,Luke,s,125,29,29,Pickups from ground
498_28, Allie,2023hop,qm,28,2023hop_qm28,b2,498,[13],1,0,e,c,0,,0,1,0,0,0,1,"[4,16,18,14]",0,0,,0,0,1,0,0,2,e,x,0,0,0,,,,,,"Human player isnt good, robot kept missing cone placement",1,0,1,0,1,0,4,1,3,1,3,0,5,1,4,1,4,0,5,12,1,0,,10,1,19,24,8,51,3,4,12,28,10,Luke,s,121,28,28,2and half piece auto
1323_28,Rebekah,2023hop,qm,28,2023hop_qm28,r3,1323,"[9,8,18]",1,0,x,b,0,,1,0,0,0,0,0,"[1,3,10,12,5,28,29,31,14,32]",0,0,,0,0,1,1,0,1,p,x,0,0,0,They pick up cubes from single sub super quick ,,,,,We should def pick them,3,1,2,2,1,0,10,6,4,3,3,4,13,7,6,5,4,4,13,0,0,0,,2,0,19,34,22,75,3,16,0,57,2,Anna,s,125lbs,29in,29in,Able to hold multiple cubes
1987_28,Liam,2023hop,qm,28,2023hop_qm28,b1,1987,[1],1,2,x,b,0,Didn t move for 3s and ran out o time,1,0,0,0,0,0,"[2,6,8,7,9,3,17,4]",0,0,,0,1,0,0,1,0,p,x,0,0,0,,,,,,Takes a bit of time at ss waiting for piece,1,0,1,1,0,0,8,3,5,7,1,0,9,3,6,8,1,0,9,0,0,0,,2,0,9,40,15,64,3,6,0,53,2,Rebekah and Alex,s,111.3,30,33,"Telescoping arm, don?t know much about robot"
610_28,Autumn,2023hop,qm,28,2023hop_qm28,r2,610,[4],1,0,e,c,0,,0,1,0,0,0,1,"[7,6,15,16,13]",0,0,,0,1,0,1,1,0,e,x,0,0,0,Use single station to place cones in robot,,,,,,1,0,1,1,0,0,5,0,5,2,3,0,6,0,6,3,3,0,6,12,1,0,,10,1,21,29,10,60,3,6,12,29,10,#N/A,#N/A,#N/A,#N/A,#N/A,#N/A
5667_28,Anna,2023hop,qm,28,2023hop_qm28,b3,5667,[36],1,0,x,n,0,"Tied to get cube on high, went to low",0,0,1,0,0,0,"[34,35,32,33,31,29]",1,0,,1,1,0,1,1,0,e,x,0,0,0,Average,,Went in red community,,,,1,1,0,0,0,1,6,6,0,0,0,6,7,7,0,0,0,7,7,0,0,0,,10,1,6,22,12,40,3,3,0,24,10,Liam,s,124.7,34,31,All three levels
1792_28,kenny,2023hop,qm,28,2023hop_qm28,r1,1792,"[2,11]",1,0,x,n,0,,0,0,1,0,0,0,"[17,35,34,33]",0,0,,1,0,0,1,1,0,e,x,0,0,0,,,got shoved into other station by blue,,,no issues. decent bot,2,2,0,1,1,0,4,4,0,0,1,3,6,6,0,1,2,3,6,0,0,0,,10,1,13,19,10,42,3,10,0,19,10,Anna,t,102lbs,33in,27in,Arm perelle to ground
2052_29,Autumn,2023hop,qm,29,2023hop_qm29,r2,2052,[2],0,1,x,n,0,,0,0,1,0,0,0,"[3,9,7,33,6,4]",1,0,,0,1,0,0,0,0,e,x,0,0,0,Took 10 secs to place one cone on top node and then missed,,,,,,1,1,0,1,0,0,6,1,5,5,0,1,7,2,5,6,0,1,7,0,0,0,,10,1,6,37,12,55,0,6,0,39,10,Rebekah and Alex,s,120.6,34,28,Lots of autos
1727_29,Liam,2023hop,qm,29,2023hop_qm29,b1,1727,"[9,8]",1,1,x,n,0,,0,0,1,0,0,0,"[7,6,5,18,16,14,25,35,27]",0,0,,0,1,0,0,0,0,p,x,0,0,0,,,,,,"Fast, pretty accurate at shooting cube",2,1,1,2,0,0,9,3,6,3,3,3,11,4,7,5,3,3,11,0,0,0,,2,0,15,32,18,65,3,12,0,48,2,Anna,s,81lbs,28in,24in,9-10 piece per match
201_29,kenny,2023hop,qm,29,2023hop_qm29,r1,201,[5],1,0,e,c,0,,0,1,0,0,0,1,"[45,36,35,34,18,19]",0,0,,0,0,1,1,1,0,e,x,0,0,0,,,,,,no other issues,1,1,0,1,0,0,6,3,2,0,1,4,7,4,2,1,1,4,7,12,1,0,,10,1,21,21,12,54,3,6,12,23,10,#N/A,#N/A,#N/A,#N/A,#N/A,#N/A
9118_29, Allie,2023hop,qm,29,2023hop_qm29,b2,9118,[],0,0,x,x,0,,0,0,0,0,1,0,[],1,0,,0,0,0,0,1,0,e,b,1,0,0,,,,,"Pretty bad defense, kinda didn?t know what they were doing","Intake sucks, not in the way it should, pretty sure it broke after a while",0,0,0,0,0,0,0,0,0,0,0,0,0,0,0,0,0,0,0,0,0,1,1,10,1,0,10,0,10,0,0,0,0,10,#N/A,#N/A,#N/A,#N/A,#N/A,#N/A
573_29,Anna,2023hop,qm,29,2023hop_qm29,b3,573,[4],1,0,a,c,0,,0,1,0,0,0,0,"[1,3,2,30,28,29]",0,0,,0,1,1,0,1,0,e,x,0,0,0,"Meh, average",,,,,Troubling picking up cone from shelf,1,0,1,1,0,0,6,4,2,3,0,3,7,4,3,4,0,3,7,0,1,0,,10,1,9,31,12,52,3,6,0,33,10,Luke,s,124,26,29.5,Can pickup anywhere
9071_29,Rebekah,2023hop,qm,29,2023hop_qm29,r3,9071,[8],1,0,x,b,0,,1,0,0,0,0,0,[1],0,0,,2,0,1,0,0,0,p,b,0,0,0,"The driver is absolute trash, incredibly slow robot",,Went into opposing loading zone,,All they did was get fouls,DNP x3,1,1,0,1,0,0,1,0,1,1,0,0,2,1,1,2,0,0,2,0,0,1,1,2,0,9,7,3,19,3,6,0,8,2,Judd,t,118,34,28,Everybot
68_30,Autumn,2023hop,qm,30,2023hop_qm30,r2,68,[4],1,1,e,c,0,,0,1,0,0,0,1,"[33,5,14]",0,1,5648,0,0,0,1,1,0,e,x,0,0,0,Last 40 secs hung out in community doing nothjng,,,,Not the best at getting around them but they werent guarding that good,,1,0,1,1,0,0,3,3,0,1,1,1,4,3,1,2,1,1,4,12,1,0,,10,1,21,20,7,48,3,6,12,17,10,Luke,s,100,27,24,Stability small
3189_30,Rebekah,2023hop,qm,30,2023hop_qm30,r3,3189,[29],0,0,x,n,0,Cube dances around in auto,0,0,1,0,0,0,"[34,32,28]",0,0,,0,0,0,1,1,0,e,x,0,0,0,They were slow and hot trash,,,,,DNP,1,1,0,0,0,1,3,3,0,0,0,3,4,4,0,0,0,4,4,0,0,0,,10,1,3,16,7,26,0,3,0,13,10,Caleb,s,123.6,34,34,0
1986_30, Allie,2023hop,qm,30,2023hop_qm30,b2,1986,[4],1,0,e,c,0,,0,1,0,0,0,1,"[5,7,9,6,8,16]",0,0,,0,0,1,0,0,1,p,x,0,0,0,,,,,,Started browning out with 30sec left and scooted across field,1,0,1,1,0,0,6,2,4,5,1,0,7,2,5,6,1,0,7,12,1,0,,2,0,21,30,12,63,3,6,12,43,2,Brian,s,120,22.5,30,Intake is a converyer belt
226_30,kenny,2023hop,qm,30,2023hop_qm30,r1,226,"[44,9]",0,0,x,b,0,,1,0,0,0,0,0,"[34,35,36,30]",0,0,,0,0,0,0,1,0,e,x,0,0,0,,,,,,good,2,0,1,1,0,0,4,4,0,0,0,4,6,4,1,1,0,4,6,0,0,0,,10,1,6,18,10,34,0,6,0,18,10,Luke,s,122,28,28,Cube ground intake
5648_30,Liam,2023hop,qm,30,2023hop_qm30,b1,5648,[28],1,0,x,b,0,,1,0,0,0,0,0,[35],0,0,,0,0,0,0,0,0,x,b,0,0,0,Always in the way of teamtes never enemies,,,,If there was a level below below average this bot would. Be it,Extremely slow pickup,1,1,0,0,0,1,1,1,0,0,0,1,2,2,0,0,0,2,2,0,0,1,1,0,0,6,2,3,11,3,3,0,5,0,#N/A,#N/A,#N/A,#N/A,#N/A,#N/A
696_30,Anna,2023hop,qm,30,2023hop_qm30,b3,696,"[18,36]",1,0,x,n,0,3,0,0,1,0,0,0,"[1,10,12,11,2,31]",2,0,,0,0,1,0,1,0,e,x,0,0,0,"Fast cycles, good driver",,,,,Missed cycles tried to score high but went to hybrid,2,1,1,0,1,1,6,3,3,2,3,1,8,4,4,2,4,2,8,0,0,0,,10,1,10,31,13,54,3,7,0,34,10,Brian,s,111,25,24,Gyro with April tags
6832_31, Allie,2023hop,qm,31,2023hop_qm31,b3,6832,[],0,1,e,c,0,,0,1,0,0,0,1,"[28,29,30,31,32]",0,0,,1,0,0,1,1,1,p,x,0,0,0,,,,Rolled off charge station ,,"Scoops cubes, doesn?t really have intake or arm",0,0,0,0,0,0,5,5,0,0,0,5,5,5,0,0,0,5,5,12,1,0,,2,0,12,12,8,32,0,0,12,21,2,Judd,o,101.5,35,32,Can place on all levels and only picks up off floor build quality was messy
3019_31,Caleb,2023hop,qm,31,2023hop_qm31,b2,3019,[],0,0,x,b,0,,1,0,0,0,0,0,[],0,0,,0,0,0,0,0,0,p,a,0,0,0,,,,,Eeehhhhhhh defense,,0,0,0,0,0,0,0,0,0,0,0,0,0,0,0,0,0,0,0,0,0,1,2,2,0,0,2,0,2,0,0,0,0,2,Rebekah,t,47,36,34,"Didn?t know much about robot, can drive partially off side"
4336_31,Liam,2023hop,qm,31,2023hop_qm31,b1,4336,[9],1,2,x,n,0,To far to the left for two pieces,0,0,1,0,0,0,"[7,8,6,4,5,18,16,17]",1,0,,0,0,1,0,0,0,d,x,0,0,0,,,,Went to far on CS then over adjusted,,Took awhile to line up,1,0,1,1,0,0,8,3,5,5,3,0,9,3,6,6,3,0,9,0,0,0,,6,1,9,40,15,64,3,6,0,49,6,Caleb,s,124.75,25,30,Unsure about dimension
4135_31,kenny,2023hop,qm,31,2023hop_qm31,r1,4135,[9],1,0,x,b,0,,1,0,0,0,0,0,"[8,18,9,7,17,16]",0,0,,1,0,1,0,1,0,e,x,0,0,0,,,popped a cube run over,,,rammy driving,1,0,1,1,0,0,6,2,4,3,3,0,7,2,5,4,3,0,7,0,0,0,,10,1,9,34,12,55,3,6,0,36,10,Caleb ,s,115 (with bumpers),34,34,0
1799_31,Autumn,2023hop,qm,31,2023hop_qm31,r3,1799,[33],0,0,x,c,0,,0,1,0,0,0,0,[],1,0,,0,0,0,0,1,0,x,x,0,0,0,Waited for 15ish secs at single substation waiting for cone to be dropped in,,,,,Didnt move for first 25 secs,1,1,0,0,0,1,0,0,0,0,0,0,1,1,0,0,0,1,1,0,0,0,,0,0,3,0,2,5,0,3,0,2,0,Anna,t,123.4lbs,36in,18in,"6 neons on drive train, skinny robot"
2930_31,Judd,2023hop,qm,31,2023hop_qm31,r2,2930,"[1,29]",1,0,e,n,0,,0,0,1,0,0,1,"[2,3,4,6,5,12,14]",0,0,,0,0,1,0,1,0,p,x,0,0,0,Bad driver decisions,,,,,,2,1,1,1,0,1,7,3,4,5,2,0,9,4,5,6,2,1,9,12,1,0,,2,0,24,33,15,72,3,9,12,46,2,Rebekah and Alex,s,115,34,36,Very nice fanboys who love our robot and past robots
2096_32, Allie,2023hop,qm,32,2023hop_qm32,b3,2096,[],0,0,x,x,0,,0,0,0,0,1,0,[],0,0,,0,0,0,0,0,0,x,x,0,0,0,,,,,,Got taken off field before match,0,0,0,0,0,0,0,0,0,0,0,0,0,0,0,0,0,0,0,0,0,0,,0,0,0,0,0,0,0,0,0,0,0,Rebekah and Alex,s,56kg,35,35,Very nice and their robot sounds fairly good
4391_32,Judd,2023hop,qm,32,2023hop_qm32,r2,4391,"[1,2]",1,0,x,n,0,,0,0,1,0,0,0,"[3,10,11,9,7,18,24]",0,0,,0,0,1,0,1,0,p,x,0,0,0,,,,,,,2,1,1,2,0,0,7,1,6,3,3,1,9,2,7,5,3,1,9,0,0,0,,2,0,15,28,15,58,3,12,0,41,2,Caleb,s,109,30,30,0
1311_32,kenny,2023hop,qm,32,2023hop_qm32,r1,1311,[8],0,0,x,b,0,,1,0,0,0,0,0,"[17,35,32]",0,0,,0,0,0,1,1,0,e,x,0,0,0,,,,,,sucks. Dnp,1,1,0,1,0,0,3,3,0,0,1,2,4,4,0,1,1,2,4,0,0,0,,10,1,6,17,7,30,0,6,0,14,10,Anna,t,87lbs,28in,26in,"Intake parallel to ground, 3 pieces auto"
190_32,Autumn,2023hop,qm,32,2023hop_qm32,r3,190,[],0,0,x,c,1,,0,1,0,0,0,0,[12],0,0,,0,1,0,0,0,0,p,x,1,0,0,,,,,,"Didn?t move till 77 secs left, took rest of time trying to grab and place cone",0,0,0,0,0,0,1,0,1,0,1,0,1,0,1,0,1,0,1,0,0,0,,2,0,0,5,2,7,0,0,0,5,2,Luke,t,0,34 no bumps,38 no bumps,Can pickup off the floor nice looking robot
2481_32,Caleb,2023hop,qm,32,2023hop_qm32,b2,2481,"[9,8,17]",1,0,x,n,0,,0,0,1,0,0,0,"[7,6,4,5,3,1,18,16,2]",1,0,,0,1,0,0,1,1,p,x,0,0,0,,,,,,,3,2,1,2,1,0,9,2,7,7,2,0,12,4,8,9,3,0,12,0,0,0,,2,0,19,43,20,82,3,16,0,64,2,#N/A,#N/A,#N/A,#N/A,#N/A,#N/A
5123_33,Autumn,2023hop,qm,33,2023hop_qm33,r3,5123,[],1,0,x,n,0,,0,0,1,0,0,0,[],0,0,,5,0,0,0,0,0,p,b,0,0,0,,,Got stuck in other teams community ,,"Not good, just kind of sat in the middle of the field",,0,0,0,0,0,0,0,0,0,0,0,0,0,0,0,0,0,0,0,0,0,1,1,2,0,3,2,0,5,3,0,0,0,2,Liam ,t,112,29.5,29.5,Doesn
8019_26,Brian,2023hop,qm,26,2023hop_qm26,r2,8019,[5],0,0,e,c,0,,0,1,0,0,0,1,"[4,24,20,22]",1,0,,0,0,1,0,0,0,e,x,0,0,0,,,,,,,1,1,0,1,0,0,4,0,4,1,0,3,5,1,4,2,0,3,5,12,1,0,,10,1,18,21,8,47,0,6,12,19,10,Judd,s,118,35.5,33.5,No special feats
1807_33,Caleb,2023hop,qm,33,2023hop_qm33,b2,1807,[19],1,1,x,b,0,,1,0,0,0,0,0,"[20,21,1,3,9,16]",0,0,,0,0,1,0,1,1,p,x,0,0,0,,,,,,Took long time to place last 2,1,0,1,0,0,1,6,0,6,3,1,2,7,0,7,3,1,3,7,0,0,0,,2,0,6,24,12,42,3,3,0,37,2,Anna,s,110lbs,29.5in,29.5in,Average
6357_33, Allie,2023hop,qm,33,2023hop_qm33,b3,6357,[33],1,0,d,c,0,Probably wouldve engaged but teammate was touching charge station,0,1,0,0,0,0,"[11,14]",0,0,,0,1,0,0,0,0,e,x,1,0,0,,,,,,Seemed like intake wasnt working so pushed game pieces but didnt score any but then it started working ,1,1,0,0,0,1,2,2,0,0,2,0,3,3,0,0,2,1,3,8,1,0,,10,1,14,16,5,35,3,3,8,11,10,Liam,s,116,32,32,Prefer single sub
